text,label
Company website information,Public
Company secret business strategy document,Confidential
Company social media announcement,Public
Office sports event notice,Public
Company website information,Public
Private client contract agreement,Confidential
Customer payment information,Confidential
Company website information,Public
Company holiday announcement,Public
Company newsletter,Public
Company newsletter,Public
Public festival celebration announcement,Public
Public product advertisement,Public
Employee tax details,Confidential
Employee training schedule,Public
Company revenue report,Confidential
Company secret business strategy document,Confidential
Employee payroll details and bonus information,Confidential
Confidential customer database,Confidential
Internal financial statement of company,Confidential
Public internship announcement,Public
Company revenue report,Confidential
Internal financial statement of company,Confidential
Private employee performance report,Confidential
Public recruitment advertisement,Public
General company information,Public
Company newsletter,Public
Office event invitation,Public
Confidential merger discussion document,Confidential
Company social media announcement,Public
Public internship announcement,Public
Company social media announcement,Public
Company secret business strategy document,Confidential
Company website information,Public
Office sports event notice,Public
General company information,Public
Confidential merger discussion document,Confidential
Customer payment information,Confidential
Confidential merger discussion document,Confidential
Company revenue report,Confidential
Public recruitment advertisement,Public
Vendor payment details,Confidential
Confidential customer database,Confidential
Company website information,Public
Public internship announcement,Public
Internal financial statement of company,Confidential
Private client contract agreement,Confidential
Annual public meeting announcement,Public
Internal HR salary analysis,Confidential
Database password and API key information,Confidential
Company social media announcement,Public
Employee tax details,Confidential
Employee payroll details and bonus information,Confidential
Employee Aadhaar number and PAN details,Confidential
Employee payroll details and bonus information,Confidential
Insurance customer information,Confidential
Private employee performance report,Confidential
Office event invitation,Public
Private client contract agreement,Confidential
Public recruitment advertisement,Public
Insurance customer information,Confidential
Public product advertisement,Public
Public product advertisement,Public
Public product advertisement,Public
Marketing brochure,Public
Employee training schedule,Public
Annual public meeting announcement,Public
Internal HR salary analysis,Confidential
Employee tax details,Confidential
Employee personal information record,Confidential
Company holiday announcement,Public
Employee training schedule,Public
Employee personal information record,Confidential
Company social media announcement,Public
Office event invitation,Public
Company revenue report,Confidential
Office sports event notice,Public
Internal HR salary analysis,Confidential
Employee Aadhaar number and PAN details,Confidential
Company holiday announcement,Public
Private client contract agreement,Confidential
Office sports event notice,Public
Public festival celebration announcement,Public
Internal HR salary analysis,Confidential
Vendor payment details,Confidential
Employee attendance and salary report,Confidential
Internal financial statement of company,Confidential
Internal financial statement of company,Confidential
Public internship announcement,Public
Public internship announcement,Public
Marketing brochure,Public
Public product advertisement,Public
Annual public meeting announcement,Public
Company revenue report,Confidential
Confidential merger discussion document,Confidential
Database password and API key information,Confidential
Customer credit card information and transaction details,Confidential
Employee payroll details and bonus information,Confidential
Customer credit card information and transaction details,Confidential
Employee training schedule,Public
Customer support contact information,Public
General company information,Public
Employee Aadhaar number and PAN details,Confidential
Company newsletter,Public
Public internship announcement,Public
Company holiday announcement,Public
Public festival celebration announcement,Public
Annual public meeting announcement,Public
Office sports event notice,Public
Company newsletter,Public
Private client contract agreement,Confidential
General company information,Public
General company information,Public
Public festival celebration announcement,Public
Company bank account information,Confidential
Private client contract agreement,Confidential
Marketing brochure,Public
Office event invitation,Public
Private client contract agreement,Confidential
Employee attendance and salary report,Confidential
Confidential customer database,Confidential
Employee salary report for September 2025,Confidential
Company newsletter,Public
Employee Aadhaar number and PAN details,Confidential
Office sports event notice,Public
Employee personal information record,Confidential
Customer payment information,Confidential
Public recruitment advertisement,Public
Public festival celebration announcement,Public
Company secret business strategy document,Confidential
Insurance customer information,Confidential
Public product advertisement,Public
General company information,Public
Customer credit card information and transaction details,Confidential
Employee Aadhaar number and PAN details,Confidential
Company holiday announcement,Public
Employee Aadhaar number and PAN details,Confidential
Office event invitation,Public
Public internship announcement,Public
Customer credit card information and transaction details,Confidential
Employee attendance and salary report,Confidential
Vendor payment details,Confidential
Employee Aadhaar number and PAN details,Confidential
Public internship announcement,Public
Company holiday announcement,Public
Public internship announcement,Public
Confidential merger discussion document,Confidential
Internal financial statement of company,Confidential
Customer payment information,Confidential
Employee personal information record,Confidential
Company bank account information,Confidential
Confidential merger discussion document,Confidential
Internal financial statement of company,Confidential
Company newsletter,Public
Private client contract agreement,Confidential
Confidential customer database,Confidential
General company information,Public
Company social media announcement,Public
Confidential merger discussion document,Confidential
Customer support contact information,Public
Office sports event notice,Public
Database password and API key information,Confidential
Customer payment information,Confidential
Annual public meeting announcement,Public
Public internship announcement,Public
Marketing brochure,Public
Employee personal information record,Confidential
Public recruitment advertisement,Public
Employee payroll details and bonus information,Confidential
Customer credit card information and transaction details,Confidential
Marketing brochure,Public
Company secret business strategy document,Confidential
Employee attendance and salary report,Confidential
Company newsletter,Public
General company information,Public
Customer support contact information,Public
Office sports event notice,Public
Database password and API key information,Confidential
Company social media announcement,Public
Company secret business strategy document,Confidential
Public festival celebration announcement,Public
Internal HR salary analysis,Confidential
Employee training schedule,Public
Office event invitation,Public
Company bank account information,Confidential
Company social media announcement,Public
Marketing brochure,Public
Customer credit card information and transaction details,Confidential
Customer support contact information,Public
Customer payment information,Confidential
Company secret business strategy document,Confidential
Annual public meeting announcement,Public
General company information,Public
Office event invitation,Public
Public internship announcement,Public
Customer payment information,Confidential
Company social media announcement,Public
Database password and API key information,Confidential
Insurance customer information,Confidential
Internal HR salary analysis,Confidential
Public internship announcement,Public
Company holiday announcement,Public
Employee salary report for October 2024,Confidential
Customer payment information,Confidential
Public internship announcement,Public
Public recruitment advertisement,Public
Company social media announcement,Public
Public internship announcement,Public
Customer payment information,Confidential
Database password and API key information,Confidential
Company website information,Public
Public internship announcement,Public
Employee Aadhaar number and PAN details,Confidential
Public internship announcement,Public
Company holiday announcement,Public
Employee training schedule,Public
Vendor payment details,Confidential
Insurance customer information,Confidential
Office sports event notice,Public
Marketing brochure,Public
Private employee performance report,Confidential
Employee personal information record,Confidential
Employee Aadhaar number and PAN details,Confidential
Annual public meeting announcement,Public
Private client contract agreement,Confidential
Employee Aadhaar number and PAN details,Confidential
Customer credit card information and transaction details,Confidential
Company holiday announcement,Public
Company holiday announcement,Public
General company information,Public
Company holiday announcement,Public
Employee attendance and salary report,Confidential
Internal HR salary analysis,Confidential
General company information,Public
Company social media announcement,Public
Company social media announcement,Public
Database password and API key information,Confidential
Employee attendance and salary report,Confidential
Public festival celebration announcement,Public
Office sports event notice,Public
Confidential customer database,Confidential
Database password and API key information,Confidential
Company website information,Public
Company newsletter,Public
Annual public meeting announcement,Public
Company revenue report,Confidential
Employee payroll details and bonus information,Confidential
Company revenue report,Confidential
Public internship announcement,Public
Employee personal information record,Confidential
Public internship announcement,Public
Company newsletter,Public
Company newsletter,Public
Internal HR salary analysis,Confidential
Public recruitment advertisement,Public
Employee personal information record,Confidential
Company holiday announcement,Public
General company information,Public
Company revenue report,Confidential
Company secret business strategy document,Confidential
Company website information,Public
Employee tax details,Confidential
Employee attendance and salary report,Confidential
Customer payment information,Confidential
Employee tax details,Confidential
Annual public meeting announcement,Public
Internal financial statement of company,Confidential
Office event invitation,Public
Public festival celebration announcement,Public
Marketing brochure,Public
Employee personal information record,Confidential
Office sports event notice,Public
Office event invitation,Public
Private employee performance report,Confidential
Company holiday announcement,Public
Company secret business strategy document,Confidential
Customer support contact information,Public
Confidential customer database,Confidential
Vendor payment details,Confidential
Company newsletter,Public
Employee training schedule,Public
Company website information,Public
Public product advertisement,Public
General company information,Public
Customer credit card information and transaction details,Confidential
Company newsletter,Public
Employee personal information record,Confidential
Annual public meeting announcement,Public
Internal HR salary analysis,Confidential
General company information,Public
Annual public meeting announcement,Public
Public recruitment advertisement,Public
Internal financial statement of company,Confidential
Marketing brochure,Public
Employee Aadhaar number and PAN details,Confidential
Marketing brochure,Public
Company social media announcement,Public
Company holiday announcement,Public
Employee tax details,Confidential
Employee salary report for May 2026,Confidential
Customer credit card information and transaction details,Confidential
General company information,Public
Public recruitment advertisement,Public
Annual public meeting announcement,Public
Internal HR salary analysis,Confidential
Employee training schedule,Public
Company website information,Public
Private client contract agreement,Confidential
Vendor payment details,Confidential
Company newsletter,Public
Private client contract agreement,Confidential
Company holiday announcement,Public
Public product advertisement,Public
Annual public meeting announcement,Public
Public internship announcement,Public
Employee tax details,Confidential
Confidential customer database,Confidential
Public festival celebration announcement,Public
Employee personal information record,Confidential
Company holiday announcement,Public
Public festival celebration announcement,Public
Public recruitment advertisement,Public
Employee Aadhaar number and PAN details,Confidential
Annual public meeting announcement,Public
Office event invitation,Public
Marketing brochure,Public
Company newsletter,Public
Private employee performance report,Confidential
Company newsletter,Public
Public internship announcement,Public
Internal financial statement of company,Confidential
Confidential merger discussion document,Confidential
General company information,Public
Employee training schedule,Public
Confidential merger discussion document,Confidential
Employee personal information record,Confidential
Company holiday announcement,Public
Company website information,Public
Confidential customer database,Confidential
Employee training schedule,Public
General company information,Public
Private employee performance report,Confidential
Customer payment information,Confidential
Confidential merger discussion document,Confidential
Office event invitation,Public
Internal HR salary analysis,Confidential
Employee tax details,Confidential
Employee payroll details and bonus information,Confidential
Vendor payment details,Confidential
Employee payroll details and bonus information,Confidential
Marketing brochure,Public
Confidential merger discussion document,Confidential
Customer credit card information and transaction details,Confidential
Confidential customer database,Confidential
Internal financial statement of company,Confidential
Public recruitment advertisement,Public
Confidential merger discussion document,Confidential
Company newsletter,Public
Employee training schedule,Public
Confidential customer database,Confidential
Public recruitment advertisement,Public
Employee salary report for September 2024,Confidential
Customer payment information,Confidential
Company holiday announcement,Public
Public recruitment advertisement,Public
Public festival celebration announcement,Public
Confidential merger discussion document,Confidential
Company website information,Public
Office event invitation,Public
Office sports event notice,Public
Vendor payment details,Confidential
Company holiday announcement,Public
Confidential customer database,Confidential
Employee salary report for September 2025,Confidential
Internal HR salary analysis,Confidential
Office event invitation,Public
Customer payment information,Confidential
Office sports event notice,Public
Employee Aadhaar number and PAN details,Confidential
Database password and API key information,Confidential
Confidential merger discussion document,Confidential
Company website information,Public
Internal financial statement of company,Confidential
Company secret business strategy document,Confidential
Office event invitation,Public
Company revenue report,Confidential
Public internship announcement,Public
Confidential customer database,Confidential
Public internship announcement,Public
Company social media announcement,Public
General company information,Public
Employee tax details,Confidential
Annual public meeting announcement,Public
Confidential customer database,Confidential
Marketing brochure,Public
Company newsletter,Public
Insurance customer information,Confidential
Public internship announcement,Public
Public product advertisement,Public
Marketing brochure,Public
Company revenue report,Confidential
Office event invitation,Public
Company social media announcement,Public
Public product advertisement,Public
Customer credit card information and transaction details,Confidential
Office sports event notice,Public
Company holiday announcement,Public
Company bank account information,Confidential
Company secret business strategy document,Confidential
Public product advertisement,Public
Public product advertisement,Public
Office sports event notice,Public
Public festival celebration announcement,Public
Database password and API key information,Confidential
Private employee performance report,Confidential
Employee tax details,Confidential
Internal HR salary analysis,Confidential
Company secret business strategy document,Confidential
Database password and API key information,Confidential
Public internship announcement,Public
Annual public meeting announcement,Public
Internal HR salary analysis,Confidential
Private client contract agreement,Confidential
Private client contract agreement,Confidential
General company information,Public
Company holiday announcement,Public
Public product advertisement,Public
Internal financial statement of company,Confidential
Employee attendance and salary report,Confidential
Office sports event notice,Public
Insurance customer information,Confidential
Employee salary report for January 2025,Confidential
Employee training schedule,Public
Company secret business strategy document,Confidential
Marketing brochure,Public
Private employee performance report,Confidential
Company website information,Public
Customer credit card information and transaction details,Confidential
Employee training schedule,Public
Company newsletter,Public
Public product advertisement,Public
Company revenue report,Confidential
Company social media announcement,Public
Company newsletter,Public
Marketing brochure,Public
Public festival celebration announcement,Public
Company newsletter,Public
Public festival celebration announcement,Public
Customer support contact information,Public
Employee salary report for February 2026,Confidential
Database password and API key information,Confidential
Public festival celebration announcement,Public
Employee personal information record,Confidential
Public internship announcement,Public
Customer payment information,Confidential
Public product advertisement,Public
Office event invitation,Public
Customer support contact information,Public
Office sports event notice,Public
Office event invitation,Public
Database password and API key information,Confidential
Annual public meeting announcement,Public
Private client contract agreement,Confidential
Employee payroll details and bonus information,Confidential
Customer credit card information and transaction details,Confidential
Internal HR salary analysis,Confidential
Customer support contact information,Public
Public internship announcement,Public
Company social media announcement,Public
Office sports event notice,Public
Confidential customer database,Confidential
Public recruitment advertisement,Public
Confidential merger discussion document,Confidential
Internal financial statement of company,Confidential
Employee salary report for August 2024,Confidential
Customer credit card information and transaction details,Confidential
Company social media announcement,Public
Internal HR salary analysis,Confidential
Company newsletter,Public
Employee Aadhaar number and PAN details,Confidential
Annual public meeting announcement,Public
Private client contract agreement,Confidential
Public product advertisement,Public
Annual public meeting announcement,Public
Employee personal information record,Confidential
Annual public meeting announcement,Public
Insurance customer information,Confidential
Internal financial statement of company,Confidential
General company information,Public
Marketing brochure,Public
Company website information,Public
Company holiday announcement,Public
Annual public meeting announcement,Public
Office event invitation,Public
Office sports event notice,Public
Employee salary report for October 2025,Confidential
Private employee performance report,Confidential
Public product advertisement,Public
Public internship announcement,Public
Employee training schedule,Public
Employee tax details,Confidential
Employee attendance and salary report,Confidential
Private employee performance report,Confidential
Company social media announcement,Public
Insurance customer information,Confidential
Private employee performance report,Confidential
Annual public meeting announcement,Public
Public product advertisement,Public
Company website information,Public
Employee payroll details and bonus information,Confidential
Private client contract agreement,Confidential
Employee training schedule,Public
Customer payment information,Confidential
Private client contract agreement,Confidential
Employee Aadhaar number and PAN details,Confidential
Customer payment information,Confidential
Company social media announcement,Public
Employee personal information record,Confidential
Confidential customer database,Confidential
Public product advertisement,Public
Customer credit card information and transaction details,Confidential
Company revenue report,Confidential
Company newsletter,Public
Employee Aadhaar number and PAN details,Confidential
Company holiday announcement,Public
Employee attendance and salary report,Confidential
Customer payment information,Confidential
Employee payroll details and bonus information,Confidential
Public festival celebration announcement,Public
Office event invitation,Public
Internal HR salary analysis,Confidential
Customer payment information,Confidential
Office sports event notice,Public
Public product advertisement,Public
Company social media announcement,Public
Private employee performance report,Confidential
Marketing brochure,Public
Annual public meeting announcement,Public
Insurance customer information,Confidential
Internal financial statement of company,Confidential
Employee salary report for October 2026,Confidential
Insurance customer information,Confidential
Internal HR salary analysis,Confidential
Annual public meeting announcement,Public
Annual public meeting announcement,Public
Database password and API key information,Confidential
Annual public meeting announcement,Public
Public recruitment advertisement,Public
Confidential customer database,Confidential
Company holiday announcement,Public
Customer support contact information,Public
Customer payment information,Confidential
Company holiday announcement,Public
Private client contract agreement,Confidential
Company social media announcement,Public
Company secret business strategy document,Confidential
Customer payment information,Confidential
Customer credit card information and transaction details,Confidential
Internal financial statement of company,Confidential
Employee attendance and salary report,Confidential
Employee attendance and salary report,Confidential
Employee Aadhaar number and PAN details,Confidential
Public internship announcement,Public
Confidential merger discussion document,Confidential
Private employee performance report,Confidential
Employee training schedule,Public
Employee tax details,Confidential
Customer payment information,Confidential
Employee salary report for August 2024,Confidential
Company website information,Public
General company information,Public
Database password and API key information,Confidential
Public product advertisement,Public
Employee attendance and salary report,Confidential
Insurance customer information,Confidential
Employee salary report for May 2025,Confidential
Company holiday announcement,Public
Customer credit card information and transaction details,Confidential
Public recruitment advertisement,Public
Employee personal information record,Confidential
Company revenue report,Confidential
Company social media announcement,Public
Confidential merger discussion document,Confidential
Public product advertisement,Public
Employee Aadhaar number and PAN details,Confidential
Employee training schedule,Public
Marketing brochure,Public
Company website information,Public
Company holiday announcement,Public
Office sports event notice,Public
Customer support contact information,Public
Company website information,Public
Marketing brochure,Public
Internal financial statement of company,Confidential
Insurance customer information,Confidential
General company information,Public
Database password and API key information,Confidential
Customer support contact information,Public
Public product advertisement,Public
Employee Aadhaar number and PAN details,Confidential
Company holiday announcement,Public
Confidential customer database,Confidential
Company revenue report,Confidential
Annual public meeting announcement,Public
Confidential customer database,Confidential
Company website information,Public
Insurance customer information,Confidential
Internal HR salary analysis,Confidential
Company secret business strategy document,Confidential
Company revenue report,Confidential
Public recruitment advertisement,Public
Employee attendance and salary report,Confidential
Public festival celebration announcement,Public
Company newsletter,Public
Customer support contact information,Public
Customer payment information,Confidential
Company holiday announcement,Public
Database password and API key information,Confidential
Company website information,Public
Company bank account information,Confidential
Company social media announcement,Public
Customer support contact information,Public
Private client contract agreement,Confidential
Employee personal information record,Confidential
Internal HR salary analysis,Confidential
Public recruitment advertisement,Public
Customer credit card information and transaction details,Confidential
Company holiday announcement,Public
Public internship announcement,Public
Employee personal information record,Confidential
Public internship announcement,Public
Company revenue report,Confidential
Internal HR salary analysis,Confidential
Customer payment information,Confidential
Employee salary report for December 2025,Confidential
Internal financial statement of company,Confidential
Database password and API key information,Confidential
Internal financial statement of company,Confidential
Private employee performance report,Confidential
Public festival celebration announcement,Public
Company secret business strategy document,Confidential
Private client contract agreement,Confidential
Company social media announcement,Public
Employee attendance and salary report,Confidential
Public recruitment advertisement,Public
Employee payroll details and bonus information,Confidential
Office event invitation,Public
Customer support contact information,Public
Employee attendance and salary report,Confidential
Employee tax details,Confidential
Employee personal information record,Confidential
Database password and API key information,Confidential
Public internship announcement,Public
Company holiday announcement,Public
Customer credit card information and transaction details,Confidential
Employee tax details,Confidential
Company holiday announcement,Public
Public internship announcement,Public
Customer support contact information,Public
Public recruitment advertisement,Public
Internal HR salary analysis,Confidential
Insurance customer information,Confidential
Company newsletter,Public
Customer payment information,Confidential
Marketing brochure,Public
Private client contract agreement,Confidential
Private client contract agreement,Confidential
Employee personal information record,Confidential
General company information,Public
Company secret business strategy document,Confidential
Confidential merger discussion document,Confidential
Employee tax details,Confidential
Employee salary report for February 2026,Confidential
Company bank account information,Confidential
Company secret business strategy document,Confidential
Public recruitment advertisement,Public
Marketing brochure,Public
Employee payroll details and bonus information,Confidential
Customer credit card information and transaction details,Confidential
Public product advertisement,Public
Employee Aadhaar number and PAN details,Confidential
Company bank account information,Confidential
Employee personal information record,Confidential
Company secret business strategy document,Confidential
Customer payment information,Confidential
General company information,Public
Office sports event notice,Public
Vendor payment details,Confidential
Customer credit card information and transaction details,Confidential
Company newsletter,Public
Employee tax details,Confidential
Insurance customer information,Confidential
Office event invitation,Public
Employee attendance and salary report,Confidential
Annual public meeting announcement,Public
Confidential customer database,Confidential
Employee tax details,Confidential
Company social media announcement,Public
Employee salary report for July 2026,Confidential
Office sports event notice,Public
Employee salary report for November 2026,Confidential
Insurance customer information,Confidential
Customer payment information,Confidential
General company information,Public
Employee salary report for January 2025,Confidential
Employee personal information record,Confidential
Company secret business strategy document,Confidential
Private client contract agreement,Confidential
Company revenue report,Confidential
Employee attendance and salary report,Confidential
Office event invitation,Public
Vendor payment details,Confidential
Public recruitment advertisement,Public
Employee Aadhaar number and PAN details,Confidential
Customer credit card information and transaction details,Confidential
Company holiday announcement,Public
Confidential merger discussion document,Confidential
Company website information,Public
Public internship announcement,Public
Public festival celebration announcement,Public
Office event invitation,Public
Annual public meeting announcement,Public
Company social media announcement,Public
Company bank account information,Confidential
Public festival celebration announcement,Public
Internal HR salary analysis,Confidential
Employee tax details,Confidential
Office event invitation,Public
Public product advertisement,Public
Customer support contact information,Public
Employee payroll details and bonus information,Confidential
Insurance customer information,Confidential
Customer payment information,Confidential
Customer credit card information and transaction details,Confidential
Employee attendance and salary report,Confidential
Customer credit card information and transaction details,Confidential
Company bank account information,Confidential
Insurance customer information,Confidential
Office sports event notice,Public
Marketing brochure,Public
Employee Aadhaar number and PAN details,Confidential
Internal financial statement of company,Confidential
Company newsletter,Public
Public internship announcement,Public
Company holiday announcement,Public
Private client contract agreement,Confidential
Annual public meeting announcement,Public
Employee payroll details and bonus information,Confidential
Customer support contact information,Public
Internal HR salary analysis,Confidential
Company bank account information,Confidential
Public product advertisement,Public
Internal HR salary analysis,Confidential
Internal financial statement of company,Confidential
Employee salary report for July 2026,Confidential
Employee Aadhaar number and PAN details,Confidential
General company information,Public
Company secret business strategy document,Confidential
Office sports event notice,Public
General company information,Public
Company website information,Public
Public festival celebration announcement,Public
Annual public meeting announcement,Public
Company holiday announcement,Public
Internal financial statement of company,Confidential
Database password and API key information,Confidential
Insurance customer information,Confidential
Private client contract agreement,Confidential
Annual public meeting announcement,Public
Company newsletter,Public
Customer support contact information,Public
Public internship announcement,Public
Customer payment information,Confidential
Customer payment information,Confidential
Private client contract agreement,Confidential
Employee training schedule,Public
Internal HR salary analysis,Confidential
Company newsletter,Public
Marketing brochure,Public
Company website information,Public
Marketing brochure,Public
Company social media announcement,Public
Customer support contact information,Public
Confidential merger discussion document,Confidential
Customer credit card information and transaction details,Confidential
Company newsletter,Public
Company newsletter,Public
Public internship announcement,Public
Confidential customer database,Confidential
Customer payment information,Confidential
Company bank account information,Confidential
Annual public meeting announcement,Public
Customer payment information,Confidential
General company information,Public
Company website information,Public
Vendor payment details,Confidential
Private employee performance report,Confidential
Company social media announcement,Public
Office event invitation,Public
General company information,Public
Office sports event notice,Public
Employee salary report for January 2026,Confidential
Customer credit card information and transaction details,Confidential
Employee personal information record,Confidential
Insurance customer information,Confidential
Company secret business strategy document,Confidential
Annual public meeting announcement,Public
Company revenue report,Confidential
Office event invitation,Public
Public recruitment advertisement,Public
Company secret business strategy document,Confidential
Private employee performance report,Confidential
Employee personal information record,Confidential
Public internship announcement,Public
Marketing brochure,Public
Internal financial statement of company,Confidential
Vendor payment details,Confidential
Customer support contact information,Public
Public festival celebration announcement,Public
Employee personal information record,Confidential
Internal financial statement of company,Confidential
Marketing brochure,Public
Customer credit card information and transaction details,Confidential
Private client contract agreement,Confidential
General company information,Public
General company information,Public
Public product advertisement,Public
Internal HR salary analysis,Confidential
General company information,Public
Company holiday announcement,Public
Company newsletter,Public
Vendor payment details,Confidential
Company revenue report,Confidential
Office event invitation,Public
Public internship announcement,Public
Internal HR salary analysis,Confidential
Office sports event notice,Public
Public product advertisement,Public
Public festival celebration announcement,Public
Customer credit card information and transaction details,Confidential
Database password and API key information,Confidential
Customer support contact information,Public
Company website information,Public
Private employee performance report,Confidential
Employee training schedule,Public
Vendor payment details,Confidential
Customer credit card information and transaction details,Confidential
Customer support contact information,Public
Annual public meeting announcement,Public
Public product advertisement,Public
Public product advertisement,Public
Company holiday announcement,Public
Customer support contact information,Public
General company information,Public
Annual public meeting announcement,Public
Public recruitment advertisement,Public
Private client contract agreement,Confidential
Company revenue report,Confidential
Vendor payment details,Confidential
Confidential customer database,Confidential
Office event invitation,Public
Employee attendance and salary report,Confidential
Vendor payment details,Confidential
Employee training schedule,Public
Insurance customer information,Confidential
Employee training schedule,Public
Employee salary report for May 2026,Confidential
Employee training schedule,Public
Customer credit card information and transaction details,Confidential
Office event invitation,Public
Company holiday announcement,Public
Employee attendance and salary report,Confidential
Insurance customer information,Confidential
Customer credit card information and transaction details,Confidential
Employee Aadhaar number and PAN details,Confidential
General company information,Public
Customer payment information,Confidential
General company information,Public
Employee payroll details and bonus information,Confidential
Employee Aadhaar number and PAN details,Confidential
Company holiday announcement,Public
Customer credit card information and transaction details,Confidential
Annual public meeting announcement,Public
Employee payroll details and bonus information,Confidential
Customer support contact information,Public
Company social media announcement,Public
Public internship announcement,Public
Public product advertisement,Public
Marketing brochure,Public
Private employee performance report,Confidential
Public recruitment advertisement,Public
Employee Aadhaar number and PAN details,Confidential
Employee personal information record,Confidential
Marketing brochure,Public
Company bank account information,Confidential
Private client contract agreement,Confidential
General company information,Public
Confidential merger discussion document,Confidential
Employee payroll details and bonus information,Confidential
Employee payroll details and bonus information,Confidential
Company holiday announcement,Public
Internal HR salary analysis,Confidential
Employee training schedule,Public
Internal HR salary analysis,Confidential
Office event invitation,Public
Annual public meeting announcement,Public
Public recruitment advertisement,Public
Employee personal information record,Confidential
Private client contract agreement,Confidential
Company social media announcement,Public
Company newsletter,Public
Employee attendance and salary report,Confidential
Internal HR salary analysis,Confidential
Confidential merger discussion document,Confidential
Employee salary report for October 2025,Confidential
Insurance customer information,Confidential
Customer credit card information and transaction details,Confidential
Employee tax details,Confidential
Company social media announcement,Public
Vendor payment details,Confidential
Company website information,Public
Internal financial statement of company,Confidential
Private client contract agreement,Confidential
Company newsletter,Public
Customer payment information,Confidential
General company information,Public
General company information,Public
Public product advertisement,Public
Marketing brochure,Public
Company social media announcement,Public
Company bank account information,Confidential
Company holiday announcement,Public
Company secret business strategy document,Confidential
General company information,Public
Insurance customer information,Confidential
Employee attendance and salary report,Confidential
Company social media announcement,Public
Private employee performance report,Confidential
Marketing brochure,Public
Confidential customer database,Confidential
Employee attendance and salary report,Confidential
Marketing brochure,Public
Confidential merger discussion document,Confidential
Public recruitment advertisement,Public
Confidential merger discussion document,Confidential
Public internship announcement,Public
Employee tax details,Confidential
Employee training schedule,Public
Customer support contact information,Public
Public festival celebration announcement,Public
Vendor payment details,Confidential
Internal financial statement of company,Confidential
Company social media announcement,Public
Private client contract agreement,Confidential
Company holiday announcement,Public
Office sports event notice,Public
Confidential merger discussion document,Confidential
Employee salary report for May 2026,Confidential
Company bank account information,Confidential
Office event invitation,Public
Annual public meeting announcement,Public
Employee training schedule,Public
Company bank account information,Confidential
Public internship announcement,Public
Private client contract agreement,Confidential
Office sports event notice,Public
Company website information,Public
Public product advertisement,Public
Customer support contact information,Public
Employee payroll details and bonus information,Confidential
Public festival celebration announcement,Public
Annual public meeting announcement,Public
Company revenue report,Confidential
Company holiday announcement,Public
Public recruitment advertisement,Public
Marketing brochure,Public
Database password and API key information,Confidential
Company newsletter,Public
Customer credit card information and transaction details,Confidential
Public festival celebration announcement,Public
Employee personal information record,Confidential
Public product advertisement,Public
Internal financial statement of company,Confidential
Employee salary report for July 2026,Confidential
Database password and API key information,Confidential
Annual public meeting announcement,Public
Public internship announcement,Public
Company secret business strategy document,Confidential
Confidential merger discussion document,Confidential
Public product advertisement,Public
Public recruitment advertisement,Public
Employee payroll details and bonus information,Confidential
Company revenue report,Confidential
Insurance customer information,Confidential
Employee training schedule,Public
Annual public meeting announcement,Public
Employee attendance and salary report,Confidential
Company revenue report,Confidential
Employee attendance and salary report,Confidential
Public internship announcement,Public
Confidential customer database,Confidential
Employee Aadhaar number and PAN details,Confidential
Employee training schedule,Public
Public internship announcement,Public
Private employee performance report,Confidential
Public recruitment advertisement,Public
Company bank account information,Confidential
Public recruitment advertisement,Public
Company holiday announcement,Public
Employee Aadhaar number and PAN details,Confidential
Database password and API key information,Confidential
Internal HR salary analysis,Confidential
Marketing brochure,Public
Public product advertisement,Public
Company website information,Public
Employee Aadhaar number and PAN details,Confidential
Employee personal information record,Confidential
Insurance customer information,Confidential
Company website information,Public
Public product advertisement,Public
Private client contract agreement,Confidential
Customer support contact information,Public
Public internship announcement,Public
Company secret business strategy document,Confidential
Employee personal information record,Confidential
Office event invitation,Public
Company holiday announcement,Public
General company information,Public
Employee personal information record,Confidential
Customer payment information,Confidential
Insurance customer information,Confidential
Company revenue report,Confidential
Customer credit card information and transaction details,Confidential
Marketing brochure,Public
Private client contract agreement,Confidential
Employee payroll details and bonus information,Confidential
Company secret business strategy document,Confidential
Customer payment information,Confidential
Company holiday announcement,Public
Marketing brochure,Public
Company secret business strategy document,Confidential
Public festival celebration announcement,Public
Office event invitation,Public
Marketing brochure,Public
Confidential merger discussion document,Confidential
Employee tax details,Confidential
Company newsletter,Public
Internal HR salary analysis,Confidential
Employee salary report for August 2024,Confidential
Confidential merger discussion document,Confidential
Employee training schedule,Public
Employee payroll details and bonus information,Confidential
Company bank account information,Confidential
Employee payroll details and bonus information,Confidential
Office event invitation,Public
Public internship announcement,Public
Employee payroll details and bonus information,Confidential
Public recruitment advertisement,Public
Public recruitment advertisement,Public
Company social media announcement,Public
Customer credit card information and transaction details,Confidential
Company holiday announcement,Public
Public festival celebration announcement,Public
Confidential merger discussion document,Confidential
Customer support contact information,Public
Internal HR salary analysis,Confidential
Customer payment information,Confidential
Office sports event notice,Public
Customer credit card information and transaction details,Confidential
Company secret business strategy document,Confidential
Company revenue report,Confidential
Marketing brochure,Public
Annual public meeting announcement,Public
Internal financial statement of company,Confidential
Employee tax details,Confidential
Employee Aadhaar number and PAN details,Confidential
Employee tax details,Confidential
Confidential customer database,Confidential
Employee tax details,Confidential
Marketing brochure,Public
Company holiday announcement,Public
Company holiday announcement,Public
Employee payroll details and bonus information,Confidential
Company newsletter,Public
Confidential customer database,Confidential
Employee Aadhaar number and PAN details,Confidential
Office sports event notice,Public
Public festival celebration announcement,Public
Customer credit card information and transaction details,Confidential
Employee training schedule,Public
Company social media announcement,Public
Public recruitment advertisement,Public
Confidential merger discussion document,Confidential
Public internship announcement,Public
Employee personal information record,Confidential
Company newsletter,Public
Confidential merger discussion document,Confidential
Vendor payment details,Confidential
Company newsletter,Public
Company social media announcement,Public
Employee payroll details and bonus information,Confidential
Employee Aadhaar number and PAN details,Confidential
Employee attendance and salary report,Confidential
Office sports event notice,Public
Company newsletter,Public
Company website information,Public
Company revenue report,Confidential
Employee tax details,Confidential
Company social media announcement,Public
Insurance customer information,Confidential
Employee personal information record,Confidential
Marketing brochure,Public
Company newsletter,Public
Company revenue report,Confidential
Confidential customer database,Confidential
Employee attendance and salary report,Confidential
Internal financial statement of company,Confidential
Customer support contact information,Public
Employee training schedule,Public
Private client contract agreement,Confidential
Annual public meeting announcement,Public
Private client contract agreement,Confidential
Customer support contact information,Public
Marketing brochure,Public
Employee attendance and salary report,Confidential
Public internship announcement,Public
Employee tax details,Confidential
Private client contract agreement,Confidential
Marketing brochure,Public
Internal financial statement of company,Confidential
Office event invitation,Public
Public recruitment advertisement,Public
Database password and API key information,Confidential
Confidential customer database,Confidential
Internal HR salary analysis,Confidential
Employee payroll details and bonus information,Confidential
Customer payment information,Confidential
Private employee performance report,Confidential
Private employee performance report,Confidential
Company revenue report,Confidential
Insurance customer information,Confidential
Insurance customer information,Confidential
Company bank account information,Confidential
Vendor payment details,Confidential
Company social media announcement,Public
Company holiday announcement,Public
Private client contract agreement,Confidential
Annual public meeting announcement,Public
Marketing brochure,Public
Company newsletter,Public
Company social media announcement,Public
Company website information,Public
Employee training schedule,Public
Insurance customer information,Confidential
Employee training schedule,Public
Company holiday announcement,Public
Public recruitment advertisement,Public
General company information,Public
General company information,Public
Customer support contact information,Public
Customer credit card information and transaction details,Confidential
Public festival celebration announcement,Public
Employee tax details,Confidential
Public festival celebration announcement,Public
Public festival celebration announcement,Public
Annual public meeting announcement,Public
Employee Aadhaar number and PAN details,Confidential
Employee payroll details and bonus information,Confidential
Employee personal information record,Confidential
Public festival celebration announcement,Public
Database password and API key information,Confidential
Annual public meeting announcement,Public
Employee personal information record,Confidential
Office sports event notice,Public
Public recruitment advertisement,Public
Company holiday announcement,Public
Office sports event notice,Public
Employee salary report for March 2024,Confidential
Public internship announcement,Public
Annual public meeting announcement,Public
Public festival celebration announcement,Public
Private employee performance report,Confidential
Public internship announcement,Public
Public festival celebration announcement,Public
Office sports event notice,Public
Company holiday announcement,Public
Database password and API key information,Confidential
Public recruitment advertisement,Public
Confidential merger discussion document,Confidential
Employee personal information record,Confidential
Internal financial statement of company,Confidential
Customer support contact information,Public
General company information,Public
Company newsletter,Public
Internal financial statement of company,Confidential
Office sports event notice,Public
General company information,Public
Internal financial statement of company,Confidential
Public festival celebration announcement,Public
Employee tax details,Confidential
